dop,density,gb_frac,temp_c,temp_k,sigma
0.15479120971119267,0.9477505873627733,0.1699261952428934,56.62012332741079,329.7701233274108,1.3549369726633482
0.08777568795041046,0.9761432563184007,0.16527263054712088,57.412782178564754,330.5627821785647,1.4064112850295722
0.1717195839822765,0.9903327871964053,0.24856407745163572,28.104787533051443,301.2547875330514,0.9739548301416691
0.1394736058118728,0.9720695946718352,0.21315983152280335,61.61242817520317,334.7624281752031,1.371887069688426
0.018835469577529906,0.996321122354938,0.007973329499187509,60.4850213828134,333.63502138281336,1.7496130718031242
0.1951244703273512,0.9782005170738177,0.014837741143804706,60.95528733301299,334.10528733301294,1.7783149729857972
0.1522279403980706,0.9866801438261926,0.1804675357368047,24.44423316432238,297.59423316432236,1.028105429650244
0.15721286105539078,0.9114104071183637,0.14585762268668265,46.81033054484916,319.9603305448491,1.1740552995964497
0.025622726535109178,0.9732413502993787,0.07805539660289741,44.54210792274378,317.69210792274373,1.3825228540583483
0.09007718757911343,0.9440088699527369,0.1255968261944405,25.202689018591947,298.35268901859195,1.0448026950982283
0.07415960484651625,0.9553103802411276,0.22737309561985813,33.342075673808644,306.49207567380864,0.9872436910771832
0.18535299776972036,0.9654102409482357,0.247983445397379,46.457757907882204,319.60775790788216,1.089979276816394
0.12877302401613291,0.9969815116705569,0.16836692036701326,64.57437859148493,337.7243785914849,1.554221830247593
0.164552322654166,0.9984578081431624,0.11561084425713089,34.22372461907979,307.3737246190798,1.3000760806018639
0.08868283976546623,0.9288228245487905,0.0812090284485321,69.7849946074947,342.9349946074947,1.7401661770444106
0.04544774435695538,0.9733753497437916,0.15657554123077602,52.747897144367805,325.8978971443678,1.3586522386307327
0.11091695740316697,0.9749983537935268,0.09442488556931429,65.62530111107705,338.77530111107706,1.7395957939376512
0.012763451220835066,0.9346492861313049,0.16922854111416688,48.35335900021143,321.5033590002114,1.0982713432285032
0.16552623439851644,0.9123869774864222,0.2029957147528913,49.9516535253334,323.1016535253334,1.0790316799972601
0.12633287982441296,0.904094696028572,0.01982376327581845,57.183163362778416,330.3331633627784,1.5482403952269315
0.15161754801707478,0.9777343127529179,0.00032023950682417144,75.67823648994946,348.8282364899494,2.126674659839193
0.07090519362597368,0.9489699741816906,0.06368314165222289,49.508754884774596,322.65875488477457,1.3851414868836571
0.19413960487898066,0.9985540169494926,0.2683534493156343,51.71945228649746,324.86945228649745,1.2280147570076356
0.17862422426443955,0.9464973456193653,0.19388722896856775,56.11981781165177,329.26981781165176,1.3504819121423455
0.15567669941475237,0.997791697907384,0.05158810558110686,64.25090823786354,337.4009082378635,1.873686256119892
0.03892774157039352,0.941157600219406,0.2670791885470856,24.31102012917406,297.461020129174,0.719709947046988
0.09334420074540684,0.9793682150559972,0.140986782086202,50.941246311318324,324.0912463113183,1.3750280898593064
0.008760753157445756,0.9084819272311833,0.1428275270035982,48.89549535236261,322.0454953523626,1.0779781879464614
0.03085789841350957,0.9555461710137764,0.2806625831527965,75.30109905425422,348.4510990542542,1.2966932081730118
0.13660979064849094,0.9802059786985724,0.017846007655002005,49.61039482618047,322.76039482618046,1.6412376936919553
0.14895243118156343,0.9924701667219888,0.06455348238861555,48.09923208165986,321.24923208165984,1.5455309780093351
0.19350194648684202,0.9822583090617432,0.17573139754641673,77.73199931208212,350.8819993120821,1.8197528690299645
0.0651650716276304,0.9036970727201175,0.058645952874601226,47.03458781605289,320.18458781605284,1.1928765793637464
0.07409194120697378,0.9372702341306735,0.20385810276268734,30.853065819325423,304.0030658193254,0.9037699023075498
0.09391116225516159,0.9048698472313852,0.06422768680101605,33.0149673683473,306.1649673683473,1.117422346461206
0.037894271816857145,0.9109282291114558,0.029747091179644303,25.711252300218447,298.86125230021844,1.0354881283196613
0.02598430106709433,0.9675305628667484,0.06209554789225192,20.034087755536667,293.18408775553667,1.0070110941494068
0.09514098524518676,0.9713258196311698,0.12682021028161866,45.91673966002892,319.0667396600289,1.3220927176639805
0.04538186981017683,0.9773720682751627,0.052841489751923966,66.15455487789328,339.3045548778932,1.8101527328716212
0.13396279893650206,0.9865456548055663,0.04040760747700419,64.00798656799014,337.1579865679901,1.855568851081808
0.08743038377446616,0.9739431468476509,0.25808456586568224,21.928945268171013,295.07894526817097,0.7905224061264129
0.1665356392115675,0.9800871592106633,0.09611916107919234,54.198974215641975,327.34897421564193,1.5879315080846326
0.14005302040044984,0.9048963709823279,0.10822760595547608,29.256987524808558,302.4069875248085,0.9610307064096586
0.06247332827640822,0.9234535150441299,0.01658112285036829,76.46457708588184,349.6145770858818,1.872326469808146
0.16645196027904022,0.9621897773375245,0.10721088705061624,30.041899978650758,303.1918999786507,1.1281558284040436
0.16095287149936038,0.9858125304624823,0.0794421531964739,57.59835306184889,330.7483530618489,1.60661040143172
0.07749567580603489,0.900450012493966,0.18314552020253655,39.574301729843405,312.7243017298434,0.9487739559035918
0.057665620786048824,0.951462934211635,0.061617089301722,58.493679557861135,331.6436795578611,1.5200920827039122
0.1364991007949951,0.9677287399364397,0.26650963591885213,44.735515787844506,317.8855157878445,1.0324880653043187
0.027950496721861964,0.9029607289128614,0.27889998627586654,65.57858313838369,338.72858313838367,1.0778773133515978
0.03998164049502167,0.9401355557553388,0.02994931715303706,33.84074751967147,306.99074751967146,1.1976524509367208
0.0014724539502011026,0.9895634881383697,0.03222088688657316,74.34751117485561,347.4975111748556,2.02265845061644
0.15738487550042768,0.9671612808855858,0.03459793143329639,50.01257895880113,323.1625789588011,1.5994808165458911
0.13297017131840644,0.9237658363360598,0.1858707768930936,65.36558886277118,338.51558886277115,1.3072683948826243
0.14103307572526702,0.9852781129631912,0.03659068926288687,70.98381148407363,344.1338114840736,1.954328484455589
0.15614580620439358,0.9348031423409514,0.25571469537907987,79.9297166572883,353.07971665728826,1.3688615682580523
0.09178315510766799,0.985334467114406,0.22628145448136772,33.43673993563749,306.58673993563747,1.020433691579993
0.11374823919057875,0.9298943651118906,0.2459426574714072,37.21354481380729,310.36354481380727,0.913242966759366
0.02795939962553149,0.9590320250883149,0.15781815806580626,35.025985203913294,308.1759852039133,0.97473513537795
0.02290601470719469,0.9396940067747834,0.299003163455746,35.77227992958696,308.9222799295869,0.8057253340486217
0.13368059235809435,0.9274825050755067,0.013252530883248381,54.94668449236264,328.0966844923626,1.5286153628503998
0.09421924122862652,0.9886557562171869,0.120379489255834,79.61135138875058,352.76135138875054,1.9882119968780472
0.11304722129623777,0.9187593681939491,0.09718100068129085,79.41668522556526,352.56668522556527,1.6345284286657276
0.15299977148320512,0.9084811591235763,0.2845936496137923,51.60639388173846,324.75639388173846,0.9411950742637339
0.12694366400011817,0.934192693854566,0.17305828754927785,58.34163261588043,331.4916326158804,1.3350719744401491
0.11071588013159916,0.9717639147641568,0.24185728963341757,71.59823262209636,344.74823262209634,1.4811000016856095
0.11184143214908271,0.9807431605976282,0.05110235809755565,75.97600750721031,349.12600750721026,1.9702571890261982
0.06079001961252244,0.9998743370066765,0.29359024317013166,32.231637639772636,305.38163763977263,0.8986264220356276
0.006163566913587881,0.9296362057011165,0.14959186406289454,51.71250373654718,324.8625037365472,1.1895540607512127
0.08734347784647248,0.9407941951131282,0.14810162288119375,69.97022327969074,343.1202232796907,1.3951430205588724
0.04291693456390584,0.9136821278029627,0.29126541856372135,38.192124598075495,311.3421245980755,0.7695187423172867
0.08170572874492724,0.9574871929623033,0.1142197083651435,46.388542548828,319.538542548828,1.2711997139441138
0.17068061465363324,0.9997580037262918,0.11925750736649787,79.13726609072049,352.28726609072044,2.1039981837128288
0.04678789717306815,0.9700881010120659,0.17542581084148098,79.10280180325225,352.2528018032522,1.613470662361009
0.011660548337813204,0.9595212840413372,0.03841578316433608,74.3664086459109,347.5164086459109,1.8476995109827388
0.05627677840439931,0.9392369092921794,0.09632568792355646,67.90690068968345,341.0569006896834,1.6083460631042341
0.05871875155333672,0.9915298760285555,0.057962496733539155,36.147830043368344,309.2978300433683,1.4192949371422814
0.132383302945379,0.9496916596130349,0.03098504373211488,39.25100444403125,312.40100444403123,1.3421891773541241
0.11140643046825567,0.9134366913313061,0.259843381899306,52.83697047229248,325.98697047229246,1.0208913600229277
0.1567796418212827,0.9365378463199133,0.1767993498382428,53.64664247372073,326.7966424737207,1.319686977436147
0.1328627080654775,0.9067166668847767,0.10760183745837336,50.33016916142402,323.480169161424,1.192554499917844
0.08127737228801411,0.9201979037688782,0.12260081321001384,58.20021679497837,331.35021679497834,1.3633744964598566
0.16280407693320695,0.9017668780999912,0.12945570110620638,44.49938135797933,317.64938135797934,1.1109289871037569
0.033394583981540785,0.9453279916500164,0.18994475464341282,64.95044943893197,338.10044943893195,1.316550171156776
0.004542414626772096,0.9634540264951797,0.278030817446698,40.01299558870132,313.1629955887013,0.9093587652739995
0.018009572155128353,0.9343292462378908,0.27983388589709474,39.84061981678116,312.99061981678113,0.8416241852831307
0.14447187011929005,0.9420381771505277,0.117447593859199,27.63355771350968,300.78355771350965,1.0273507669657203
0.09237544605027748,0.9959209272844576,0.09877873787933086,31.322732601735154,304.4727326017351,1.2353832276320766
0.03225435580672036,0.9751963121574916,0.1353139500555765,71.03125273528146,344.1812527352814,1.6548784869196091
0.10020895502067272,0.9540856636944951,0.17038026912854776,46.77694031482649,319.9269403148265,1.1812612437028458
0.030462420542633685,0.9284540875111825,0.13854537343492448,33.67206719317003,306.82206719317,1.0031503437704543
0.13926407501554722,0.9896996798772996,0.19762602294501028,65.56046600134324,338.7104660013432,1.5300987026308874
0.08923125511480615,0.923509711688066,0.1663197070139291,53.238867549011566,326.38886754901154,1.1564969931305216
0.0762042452192965,0.9325342730516677,0.09621466400822283,21.269360685397608,294.4193606853976,0.9937526511502661
0.06030241782957531,0.9909064814422949,0.10371924172878978,38.98168744020291,312.1316874402029,1.3109898682882601
0.1260565186237777,0.9529542055285073,0.11357783626791927,30.620084667280462,303.77008466728046,1.20066978061974
0.07236252211067809,0.9742317949417977,0.028391930474816605,59.35237165897043,332.5023716589704,1.6892717959412455
0.0175299838632202,0.9590744794163766,0.04981878972419194,36.50186243781517,309.65186243781517,1.225638504669681
0.023601180424103065,0.9653439209009496,0.21693414064361582,23.896806752596618,297.0468067525966,0.886144069197514
0.19237953290990292,0.9299383291514826,0.11672901345662401,23.296099351860157,296.44609935186014,1.0392580272066647
0.18171613814152143,0.9241372061626663,0.06436169176804309,54.9036378775229,328.0536378775229,1.4558263942076248
0.1399414267621499,0.9322492347168665,0.16880172317245717,21.30340734224538,294.4534073422453,0.8888789572350912
0.05317399229190392,0.9155441564083423,0.22666186274202815,70.92752678816532,344.0775267881653,1.2753130882505255
0.1938352754695448,0.9874314365290807,0.07722670870361142,29.323827155436536,302.47382715543654,1.2515104628091935
0.15575018079315894,0.9283246933250114,0.24803696457712332,56.39398011172579,329.5439801117258,1.120856148573993
0.14337803783179912,0.9561489394414384,0.2782514578875149,46.681281680644744,319.83128168064474,1.0367702071289868
0.08987230042875774,0.9791974425141374,0.17921835872215222,46.57109127391415,319.7210912739141,1.2587165244830707
0.054448312369031804,0.9783824109375714,0.20068429769747387,24.307828541602753,297.45782854160274,0.9120165505351018
0.01927819243069986,0.9438386258584193,0.015772797096916612,68.16513501273295,341.3151350127329,1.6487822226668196
0.18052047930876836,0.9476257308586726,0.28365596730657194,73.58314908519516,346.7331490851951,1.2691676821516993
0.09115525796672222,0.9994701748935024,0.11774542027948313,20.661000043053708,293.8110000430537,1.0374102431777166
0.040472672959046066,0.9674597476979024,0.27717012016362896,30.716250541827065,303.86625054182707,0.8246206022381626
0.061191324830130504,0.9814638443117882,0.17369325742507277,74.23425132772873,347.3842513277287,1.601094816277186
0.1158439137883792,0.9902553969219232,0.0013856396529982828,52.96961676800349,326.1196167680035,1.699584916239519
0.03535455658784634,0.9787589836229339,0.011562599797030714,29.00237469489261,302.1523746948926,1.2545694474972184
0.17132285681847512,0.9185179344953568,0.20412564170097658,32.16742715654953,305.3174271565495,0.9184760313126139
0.15170390596704203,0.9562170733737573,0.16880040414957992,59.59917465422685,332.7491746542268,1.3741866161935898
0.14389259119018735,0.9101894157314545,0.007959731161822303,63.48900933481238,336.6390093348124,1.7418552025796403
0.08641860795502075,0.9652922126563999,0.2230379883667156,55.965608514796116,329.1156085147961,1.24452167532866
0.12546176814048865,0.9955349428187811,0.2556436011207545,77.18890279475156,350.33890279475156,1.5569180815040744
0.11681959378254712,0.9512732064300111,0.14892524473179247,49.64381621970662,322.7938162197066,1.2462957059842577
0.129969320310964,0.9432972492867767,0.1397272321071765,38.016314728551606,311.1663147285516,1.1153346318704849
0.016888864227977817,0.9035842751418164,0.0016419326503882448,48.63397459854779,321.7839745985478,1.3625013297336324
0.08316148043412193,0.995977452232922,0.23599491374807977,41.579977619996654,314.72997761999665,1.119484288380757
0.008322834772378496,0.9103002684130159,0.09921482002383163,33.46495356048118,306.6149535604811,0.9834984025526917
0.09879816384890379,0.9041079093304847,0.26362908593476186,22.757794960408404,295.9077949604084,0.7340659853991955
0.06597224246655707,0.9246066611504938,0.11191817626741592,41.13274961390745,314.2827496139074,1.066840085642131
0.02890483777320938,0.9065530433918383,0.16952337318921165,62.68456086258454,335.8345608625845,1.2293314291112303
0.02068059354451033,0.9455117842411762,0.08110253645979826,21.10626817251163,294.2562681725116,1.0137306305664897
0.11752891443554242,0.9516087801257113,0.0481764937754756,46.35071079235608,319.5007107923561,1.4117390679476949
0.03411859370737722,0.9312569949028584,0.23247237101439838,58.64056408699211,331.7905640869921,1.1874001639057317
0.18502402367535944,0.9050960482574886,0.14897714365388448,56.62424655045843,329.77424655045843,1.2448856831692938
0.116212227940079,0.9111600368249226,0.16094637712567522,66.59890615332296,339.74890615332293,1.36549758851831
0.06937396090696742,0.9384504377989928,0.28962478604452063,68.63118293958786,341.78118293958784,1.176316285981922
0.11818309829628336,0.9060528450826536,0.2890739736666461,62.70234925516327,335.85234925516323,1.0635377396941728
0.0045607742059395,0.9698189725609914,0.25669263651072105,26.167861768684965,299.31786176868496,0.8312109463964802
0.19171184264828908,0.9207020541524812,0.05628278782951007,48.501346640261644,321.65134664026164,1.4064410917251735
0.09646068738858005,0.9302071568783639,0.17828180829047396,56.20435744925652,329.3543574492565,1.2569702750714824
0.15654704545005727,0.9394125777178097,0.26344422739666123,34.733962328567095,307.88396232856707,0.951804185773088
0.016545999984487716,0.9416609633069148,0.11233918093468132,22.55310905880659,295.70310905880655,0.9498508929050805
0.09733166616763207,0.9001660707674801,0.03033184978067549,33.41541925256281,306.5654192525628,1.1759941496051878
0.09814139887090419,0.9112070370998697,0.24328887067197655,47.293664103958335,320.4436641039583,0.9592870758574149
0.18756529099499658,0.9862764563740878,0.14452906540865149,44.835819143276055,317.98581914327605,1.3783385370197083
0.11434561047521508,0.9001233062511909,0.16931780410775357,30.600018879629697,303.7500188796297,0.8927784320114561
0.09469788021139076,0.9508167355812875,0.2946432888953533,69.46493256100956,342.61493256100954,1.2641331136578526
0.05339513261837872,0.9489502006507208,0.18216342914822162,75.54120012420347,348.6912001242034,1.6049362745317148
0.06631379946851045,0.9333094161010638,0.1274938156998304,32.08089914316291,305.2308991431629,1.026014093674539
0.10413448049430757,0.9431327020146449,0.11099531035415934,75.77437493403329,348.92437493403327,1.5901162445844905
0.08778229206100935,0.9780581137526585,0.1252857877962137,21.07165755051085,294.2216575505108,1.0063733029625972
0.004322415976066085,0.9841203706214956,0.035519724953600625,75.49774836241673,348.6477483624167,2.032072278991525
0.16525838483887156,0.926034854341525,0.23842516752527154,77.11572740485448,350.2657274048545,1.4402413842249078
0.17923215436795337,0.932249044096773,0.2513150574561123,20.723111780955513,293.87311178095547,0.8120771792199433
0.028049817799722154,0.9242482853028333,0.08531914037202266,65.78115780660488,338.93115780660486,1.525945774293927
0.11080722870780989,0.9479863400551065,0.09113898552298323,78.21209435419061,351.3620943541906,1.8428667268203904
0.021715148227088713,0.9683258357658813,0.26230027690044394,74.3541331290667,347.50413312906664,1.396727383799994
0.13444801860796235,0.9228252875463421,0.007191106658386636,78.24260967177278,351.3926096717728,2.03826046616615
0.056246756767801664,0.9330735742054866,0.1561372331301683,53.01941034185836,326.16941034185834,1.2660600989254134
0.13188452693838035,0.9930384617589151,0.1391027144044503,24.689368393123296,297.83936839312327,1.1063017344253518
0.14539892285737652,0.9048569289846958,0.20703803087353792,70.98735186830217,344.1373518683022,1.3619092476358807
0.15372949838353142,0.9460769605239566,0.04901751004483634,56.829695348540696,329.97969534854064,1.575504512632441
0.021548189191179314,0.9711558041596777,0.20049922223854613,56.884204651297345,330.03420465129733,1.225237976577589
0.1832023690275216,0.9150454011557474,0.11302020236246292,45.03521659152118,318.18521659152117,1.2888068635596832
0.04604279817897616,0.9047374020005482,0.1856144334508926,54.31051859126655,327.4605185912665,1.109229776160561
0.007482511235235956,0.9138205371638531,0.012028502961832777,29.214786745166872,302.36478674516684,1.1384114889462902
0.11097049387829667,0.9918823193530683,0.13851815915535282,64.38620159396902,337.536201593969,1.6145347961889025
0.07418445677248775,0.9009259781821124,0.15667526819471164,24.50103844109254,297.6510384410925,0.8448013207375862
0.16595794862648264,0.9188321974811352,0.06429792085649598,63.78684602262752,336.9368460226275,1.5878714918052936
0.16165029441286038,0.9031283512901644,0.04188709625373621,70.93870535749124,344.0887053574912,1.780186402833422
0.06342777856454307,0.9110629467562203,0.056542290903690416,48.34812065386929,321.49812065386925,1.3088707665563677
0.19057987901394902,0.9620149286628297,0.10324232341900441,50.58982196342296,323.73982196342297,1.375765545496999
0.05818356762802373,0.9241638908739086,0.029043044791491432,38.732856375324694,311.88285637532465,1.2395225044887588
0.10301142584634292,0.9569212050430677,0.2841959387188813,78.16751502353526,351.31751502353524,1.4538252394650966
0.051193018113520554,0.9590195382766127,0.12149821844874518,63.98746847357272,337.1374684735727,1.4841601204724204
0.18720871400979266,0.9849435333089779,0.2426908807520247,42.1393131980207,315.2893131980207,1.0691178548521536
0.03292156351640363,0.9004741392911874,0.292325136932654,30.488443173980304,303.6384431739803,0.7715122364133788
0.008982123878465798,0.9853369459342367,0.02422058400082173,33.17477553212548,306.32477553212544,1.3378363013208487
0.08701941200060759,0.9619119086426974,0.1955008403804982,47.835337166603004,320.98533716660296,1.162223811348395
0.19847511281116742,0.9162743486104957,0.26142272602236416,76.55410401886027,349.7041040188602,1.341851897201766
0.1783354532509828,0.9772937388135284,0.1902703301900185,64.04878074565508,337.1987807456551,1.5392696863770647
0.14972160389138986,0.9855491541790585,0.1287078364072238,32.91462489074899,306.064624890749,1.180318246564917
0.17815849817570498,0.9254263483754157,0.1293229072913815,71.57366800513388,344.72366800513385,1.6423562650566135
0.17868932793957265,0.9918793680902681,0.010769665802207673,42.692031380580865,315.84203138058086,1.64894398482886
0.10377167207728982,0.9454457430298658,0.1603802253867826,71.10333096515112,344.2533309651511,1.5228456936824357
0.0631858103661586,0.9603424454333321,0.2980628990360542,34.50197587886785,307.6519758788678,0.8646492465915406
0.15440248642219762,0.9984649533617643,0.28761225779158023,57.11963671617906,330.26963671617904,1.2320261484873238
0.13233225263355222,0.93615360786392,0.012119768652648953,75.60022928487692,348.7502292848769,2.0292478061009698
0.07473154577474202,0.9813159345820113,0.21173910108884644,35.47364054886765,308.6236405488676,1.0112276734171233
0.018893333612303054,0.931839911782846,0.09052946000907924,61.57559543515129,334.72559543515126,1.355852626249336
0.1493579222698052,0.9799213522241491,0.270896746021841,79.23875719742863,352.3887571974286,1.5511511337274848
0.05249210318457294,0.9600733918862643,0.01353442371278356,29.03589723458021,302.1858972345802,1.2653987905980828
0.18736263010675586,0.9216355695225401,0.28076223060332417,25.304137442040464,298.45413744204046,0.8051374403274935
0.048194115001136954,0.9414026093789236,0.25124272313633306,60.45171154668897,333.60171154668893,1.1581074430181417
0.024551586482297206,0.9317635634363561,0.03525131467578045,40.38415686494182,313.5341568649418,1.2425320897298422
0.16622253442498125,0.9078108393080364,0.017947301195189756,24.27466864199547,297.4246686419954,1.1481858345555611
0.03065686332489881,0.9029834770099697,0.25041229929808073,48.51833707301625,321.66833707301623,0.9319217413439203
0.035853661631547816,0.9346478655407181,0.04672730129237381,65.22624077863733,338.37624077863734,1.5758276257355357
0.11987655830416871,0.9019034147817486,0.16046944589276116,37.10734402491133,310.2573440249113,0.9848732175494045
0.1749124081674929,0.9165487757581775,0.27472345736361287,40.10281265030808,313.25281265030804,0.9705580021071678
0.03928693314291465,0.9725183320850869,0.170234434064797,70.74196403881834,343.8919640388183,1.4400802447717778
0.06206473458001896,0.9708091235683588,0.11916999044184723,51.20431473568928,324.3543147356893,1.3784124236001913
0.15548096764823552,0.9738580386457383,0.13350481645619766,70.56391812838832,343.7139181283883,1.6168263828006566
0.19436528521219348,0.9317153171129979,0.018935151211161304,46.78336952862257,319.93336952862256,1.4870543919958037
0.10014823724046847,0.9890019457117696,0.29062569640847963,77.1785096936062,350.3285096936062,1.420367637585455
0.028779500510250158,0.9593830548028448,0.09319625552432483,59.0476753830642,332.19767538306417,1.3789017948312052
0.002787257541640309,0.9126026341746627,0.05680904750185614,26.953931919154964,300.10393191915495,1.0228529909397879
0.04593120599977105,0.9143718661455534,0.08581419055211859,73.10557929360805,346.25557929360804,1.5568159854345023
0.026364443557304208,0.9693095426929701,0.2893119584674437,49.355911449847866,322.5059114498479,0.9497241487261765
0.1355317347225715,0.9172943936442078,0.0282858160464021,28.4983380783743,301.64833807837425,1.1854190657896397
0.024366500925706226,0.9507292701582043,0.2601909121503544,29.16140803048524,302.3114080304852,0.8676383385533751
0.1012659863241266,0.9991774475928711,0.21235316832043433,61.25203610659231,334.4020361065923,1.4735614521347653
0.1388524871285773,0.900400760473334,0.24900575374770842,22.842350403769387,295.99235040376936,0.7679054473424062
0.11622332184418048,0.9016579801897557,0.2927692621103689,37.195625894828794,310.3456258948288,0.815145814083544
0.03995513033201153,0.9993084581930507,0.25264639665506156,28.387255428192084,301.53725542819205,0.9640059034093803
0.16082490523645254,0.9584638834134166,0.2830147053833558,46.464645777037056,319.614645777037,1.0919183753714352
0.14308142592316034,0.9126909975518513,0.03808057703727593,44.86122631966168,318.01122631966166,1.3804660600021932
0.14779680078310836,0.9897302199754093,0.238736569550091,51.312586081331354,324.4625860813313,1.197377464251458
0.02621155031146265,0.9880380300127692,0.16370270822431432,36.778179746151814,309.9281797461518,1.124625302690181
0.024750760730068922,0.9536200413111375,0.16304867852395818,21.92261536269063,295.0726153626906,0.9116073518718164
0.18551251020130155,0.9621792029860756,0.2696764728961541,56.86316639211115,330.01316639211115,1.135352421864236
0.07951563876498813,0.9273187191500877,0.2915411455940134,42.423080172941084,315.57308017294105,0.9006803658566155
0.060189738356187954,0.9050519696372006,0.21145149691295428,59.08009992440279,332.2300999244028,1.199628969746619
0.09771680907030666,0.9594567608890865,0.14488151684153516,26.520018248256108,299.6700182482561,1.035462222184462
0.13257284255271648,0.9294755193202763,0.1369211573705536,20.82664131764302,293.976641317643,0.9727039867042366
0.191124651409394,0.9663621046660352,0.11590243716695453,34.89765487311757,308.04765487311755,1.2323179029344544
0.057289245376411,0.9836245176842602,0.1084797088717988,47.392839379643135,320.5428393796431,1.3564974032668726
0.18496168586240544,0.9018160543914364,0.11745205250532942,43.64431845010804,316.794318450108,1.1827192058848244
0.004971898277251263,0.9595713774685728,0.02692597057535858,68.61815331640798,341.76815331640796,1.7210705017062886
0.11103960846536494,0.9231280539686852,0.023230825578131463,42.67025865156944,315.8202586515694,1.303064769255845
0.12679502233621703,0.9873888497903801,0.23396095316169352,51.826470776184735,324.9764707761847,1.2756905316891476
0.02117948075015066,0.9253664506561828,0.13382186787606784,55.610935546531536,328.7609355465315,1.2941698739418417
0.028067919412782527,0.9610770133235418,0.27920534656338614,21.309883498748697,294.4598834987487,0.7413707896332428
0.08382286386326077,0.9553540840089612,0.18366630257818573,50.90800261077134,324.0580026107713,1.2401596685989569
0.19324638242863634,0.9396166500059249,0.010552794655325924,40.68987556393027,313.83987556393026,1.4395308409617624
0.11920851064687457,0.9677620763599795,0.04725700239524384,45.276807660995274,318.4268076609952,1.4728587472731762
0.18660464432004226,0.9725769634715434,0.061745937903902266,26.017243909715013,299.167243909715,1.2458478978065897
0.16087218312259416,0.9566937795319387,0.29272080731689815,66.9692339389187,340.1192339389187,1.2895138580001833
0.0934763203110583,0.9758422237184754,0.06561126784549046,76.54425504851136,349.6942550485113,1.9501958479240344
0.1569526898504375,0.9983417075992937,0.15472670288641538,21.336129237776,294.48612923777597,1.1037747078251139
0.003567356795397547,0.9419272387900806,0.28085307949205884,56.08236576868087,329.23236576868084,1.0350653653176003
0.02182879935314699,0.9514583051885531,0.2931578189743072,65.83064403730148,338.98064403730143,1.1631434958408802
0.16588572297654727,0.9012469877941214,0.07090813061506336,37.08845531899337,310.2384553189934,1.1331046198772072
0.15936341766503237,0.9796028556310379,0.014735293125012039,67.253335091793,340.403335091793,2.125649922816155
0.04652814839328674,0.9520230067045994,0.04608054976132755,57.941303045978074,331.09130304597807,1.5709759353648451
0.1061539181198107,0.9407961430360565,0.018998543610767426,75.7497579362642,348.89975793626417,1.9838887463041608
0.12120316414000219,0.9094071963089396,0.058537272327700916,78.86028868122636,352.01028868122637,1.7022780418910985
0.17354779075520224,0.9889656421675397,0.17057091441112063,22.540766839922288,295.6907668399223,1.0096214067737619
0.12062143146774514,0.9395007240040556,0.27373463888869254,46.69626566162037,319.84626566162035,1.0333535350318463
0.08251431385473607,0.968258159820922,0.161165665108302,52.819267254693095,325.9692672546931,1.3136695244960552
0.07483680868143654,0.9149374156368151,0.18779686700972423,28.804593992459147,301.95459399245914,0.8321275729683911
0.08517641727470199,0.9961549629541032,0.06056017548286233,40.177149825641706,313.3271498256417,1.457872334158627
0.13038620511599483,0.9178441761821831,0.24017508620215502,79.25884686538771,352.40884686538766,1.3728567807188086
0.173498126350465,0.919954199289949,0.18533667255167496,20.973827380548286,294.1238273805483,0.9054984044814942
0.09077937641525996,0.9858982860557713,0.25924104875781745,47.150475891463046,320.300475891463,1.1020745693619238
0.04956791259027163,0.9912582744141931,0.2846529321017352,70.55927730309176,343.70927730309177,1.3391767782448394
0.04733247259951623,0.9212147407523301,0.10437023272697768,39.43407576315731,312.5840757631573,1.1494111453396045
0.1492028560486893,0.9469800888174829,0.027173717560631805,48.7879101653092,321.9379101653092,1.4751436012695225
0.1633137526847821,0.9733494904562829,0.06777868737503474,78.6827447472788,351.83274474727875,1.9812537857498078
0.021055615970824993,0.9878365733810801,0.13135246970275116,48.49261018854223,321.6426101885422,1.3076130807714883
0.013311771391035633,0.9379052695037305,0.283708095547342,27.85527872878994,301.0052787287899,0.7868420517486487
0.11888673275129036,0.951701948684943,0.11349294671202458,23.103289499983465,296.25328949998345,0.9838463141832888
0.029234648838539656,0.9741716410519735,0.231231964099611,76.72499434639691,349.8749943463969,1.3955960023243394
0.16493283809126827,0.9731135976652796,0.1621430076512265,35.948564796503945,309.0985647965039,1.184921323456935
0.06206693478481489,0.9782960130026085,0.05484263112929296,50.24383439387306,323.393834393873,1.4765533307604766
0.02877438659422853,0.9569933818641526,0.09622023568603548,25.442105965398117,298.5921059653981,1.0270574641229544
0.18419409449749005,0.9104615096804776,0.1959575655068456,45.41930723303631,318.5693072330363,1.0177277829845521
0.03310634454705563,0.990397329087804,0.20185601840546805,75.80633115500744,348.95633115500743,1.540732164535665
0.056944016467587115,0.9865572539321028,0.13042792404271383,50.1447796178563,323.2947796178563,1.3595658316062411
0.030722679038411728,0.9798097435818334,0.06859368079863438,78.26810910813967,351.4181091081397,1.9791802271761156
0.023098012733070994,0.909986247716073,0.2165720338538029,35.53013823424398,308.68013823424394,0.8511456004978244
0.004229603267288007,0.9204397367081429,0.05066191248381443,50.27271438223623,323.4227143822362,1.3763703235012599
0.011079081832852023,0.9743600365107652,0.281000907559538,71.57184750855951,344.7218475085595,1.256010021554512
0.03492829418717054,0.9023140094581946,0.05637107371094301,46.895141273224624,320.0451412732246,1.2044152917650592
0.010676386525435079,0.997922463370728,0.03219370884975613,36.76924241421138,309.91924241421134,1.4429732003288467
0.11822876322219425,0.9377144680355681,0.14929431070961363,71.32852180507291,344.4785218050729,1.5376124776831903
0.13614290535990128,0.9719312533690824,0.1558648794329082,43.39336813235654,316.54336813235653,1.2159304421419497
0.07872609136640565,0.9887571088488043,0.15245787443347344,51.843397463614046,324.99339746361403,1.3525212353537495
0.06359821939040988,0.9394629888150082,0.13100024680165184,78.59162398490874,351.7416239849087,1.7172654384667159
0.10090524740444602,0.9319132488599666,0.2984444678488825,31.188997685351833,304.3389976853518,0.8373513539062564
0.17500098844692172,0.9608741128898247,0.14588418380117454,38.084038203211136,311.2340382032111,1.158074869209856
0.1702263253644412,0.9580989373748051,0.1433839742219493,21.864176004190398,295.0141760041904,1.0036103234121843
0.00869501240255839,0.9409139977624797,0.1265298188143684,43.51026259460316,316.6602625946031,1.1436079169583235
0.03629968191930482,0.9601774755867709,0.02004772641043887,32.011005835091574,305.16100583509154,1.22012834929648
0.047348974220879206,0.9935381369566495,0.1778869893448848,60.802096124473486,333.9520961244735,1.4194517232579622
0.04987751516644237,0.9467640256626597,0.06839033166695473,30.879287525951142,304.02928752595113,1.1329602215615027
0.11424653034855455,0.9196742180750631,0.19128269406871495,60.48876514435218,333.63876514435213,1.282282375612912
0.08325248514063846,0.9377205982883003,0.015250038584543145,35.808525691359065,308.95852569135906,1.3344248686581508
0.009850823985518798,0.9394106982593119,0.2944161303759005,41.313070047271985,314.46307004727197,0.8567381338349951
0.07472282769191432,0.913110869302622,0.14070152370380165,40.93163912278385,314.0816391227838,1.0569936124831187
0.10475058974352745,0.9162871500554555,0.2690266114772095,63.00510500981656,336.15510500981657,1.1404118817416045
0.020334380580743196,0.9684562073393678,0.14266835196988042,47.99055578830058,321.14055578830056,1.2158300125113581
0.16669171075771194,0.9339477754208902,0.01809924557226652,41.677933931160986,314.82793393116094,1.4312255163961178
0.010392373293020852,0.9954898391855808,0.24666406382814207,71.15736314236699,344.30736314236697,1.3981028438311405
0.18496837380361242,0.9243596745358608,0.1944551189001403,54.317037538472164,327.46703753847214,1.1777540480254143
0.019822628315975102,0.9098924505104823,0.23452711427218353,32.829849276679866,305.97984927667983,0.8005141543231471
0.16871499031955056,0.9753504563000258,0.128450959052662,74.00547668862096,347.1554766886209,1.869831831134526
0.18053062878552342,0.988103605191787,0.19138102327399348,40.559017762018435,313.7090177620184,1.1975748135248174
0.19591413611731856,0.9278113356871488,0.25686870113898225,22.338762652239225,295.4887626522392,0.8528896874104005
0.1604051760547187,0.9202088101645478,0.18931963286156625,49.67601343846717,322.82601343846716,1.1252348907355278
0.15589550815426578,0.9185766134871087,0.10430209045077099,27.43628326645267,300.58628326645265,1.0426304868222716
0.12849665519910955,0.9522012301366513,0.19875887830985994,34.307986622944554,307.45798662294453,1.0891228400045114
0.15579927091562581,0.9468416641246771,0.2015562565842202,64.82665236124467,337.97665236124465,1.3308176131763039
0.02691044168262942,0.9259439839854534,0.28817608875198747,27.845108802579116,300.99510880257907,0.7079340840216646
0.10721360718952747,0.9045173116989427,0.11127369646250075,68.41665346124213,341.56665346124214,1.5196729099059094
0.10284457403808289,0.9481491340326281,0.12752453025423935,76.21443728785722,349.3644372878572,1.6384879902699174
0.1715144288245115,0.9959332347635609,0.24363688835611774,56.39192602447668,329.54192602447665,1.317144875288591
0.09255987311870317,0.9652519200752663,0.15172869442282236,62.62155152136975,335.7715515213697,1.4302206083917532
0.0770178992200707,0.9495506556628619,0.2209719279347199,62.81519659444504,335.96519659444505,1.274239102875657
0.12791265424742201,0.9110692074029616,0.13791283933607762,79.56847743622669,352.71847743622664,1.5626673033997238
0.053292663500169216,0.9252436290549587,0.06464854254381014,40.492295732097375,313.64229573209735,1.196840934240875
0.027953682190791376,0.9294773949574543,0.22356115283430325,29.77139307456215,302.9213930745621,0.8596742782492658
0.09557545480474916,0.9764803552607234,0.039346550755412976,51.15003409485929,324.30003409485926,1.5265032864943393
0.08337787371897701,0.987671079726462,0.05957509905939242,51.99498858990249,325.1449885899025,1.5320639491817802
0.04651398810577474,0.9901641853566439,0.1880474948352626,30.67474929776867,303.8247492977687,1.018000216177088
0.07350236202302561,0.9984568608250755,0.22418094005762093,56.786565139648374,329.93656513964834,1.2490642624551884
0.07327848996524948,0.9982366683104532,0.26840636606034446,20.847484008609438,293.99748400860943,0.840549901334747
0.06549911288250909,0.9952999132767981,0.08177594922476751,75.66010414725329,348.81010414725324,1.9364383754595775
0.0758928159453858,0.9071822140502884,0.0332172775801663,35.8744566692757,309.02445666927565,1.1609550880856863
0.13714866909118908,0.9137793535927805,0.28681399785678874,22.373612503411508,295.52361250341147,0.7272440778811575
0.05937529491425706,0.9304466526476033,0.04632692640664273,26.49496648849142,299.6449664884914,1.0891996689732402
0.1897715853430681,0.9552898254064461,0.05930009467639186,34.4149368967785,307.5649368967785,1.2725113216382542
0.18326960390763558,0.909697788870548,0.08739883606753972,36.434370116362714,309.5843701163627,1.1794022044763566
0.09618208566001572,0.9845796957802142,0.15881740620788623,21.96859996986372,295.1185999698637,1.0426751482797765
0.06567224100093776,0.9616756179077309,0.2648476698102234,36.76128873162375,309.9112887316237,0.9163080489629365
0.10708695796600064,0.9542364402302205,0.22816380681896006,31.576504189608926,304.72650418960893,0.9513165973095474
0.16971209775472493,0.9165311323367291,0.21244726615279053,42.717255646071116,315.8672556460711,1.0194175717485385
0.13051746811202042,0.9253255474400197,0.0525541703568011,43.11006424135815,316.2600642413581,1.3219974812435105
0.16087836558941548,0.9160312024982258,0.10730478945779227,40.340464436172745,313.4904644361727,1.2237530826787313
0.10654445521314804,0.9851933157794799,0.14352147782600339,39.675433011842244,312.8254330118422,1.2465637412252193
0.12658352585352414,0.9584227860061219,0.04422778604567575,25.383876664475075,298.53387666447503,1.1212363790929776
0.05763112283649235,0.9735129427519633,0.08202891063800175,21.51229682756973,294.6622968275697,1.0849576111712067
0.14697863246205817,0.9296032862910026,0.09249996118585327,32.126858009387995,305.276858009388,1.1643936034305025
0.04048091862514367,0.9371252637088278,0.03818285949871177,65.39896564499692,338.5489656449969,1.6234580432488157
0.13895962576369966,0.9404854964426534,0.16507190757247728,79.44858593306733,352.5985859330673,1.6941783057509066
0.17214381366517884,0.9760014971744035,0.21150845895725787,75.71157050343975,348.86157050343974,1.5796834068432082
0.026420567460308787,0.9772352987674569,0.02097948944305836,50.25316133226612,323.4031613322661,1.483163172316476
0.12287594810838397,0.9206813527514032,0.14433693052894492,51.90943134667606,325.05943134667604,1.2332151077365088
0.019019149645986923,0.9941538856738099,0.2346633585803385,38.87489414215055,312.0248941421505,0.982040183011922
0.1451431256542854,0.9120655337443686,0.22439703868573405,66.43636631825937,339.58636631825937,1.2426890310502277
0.016898643764704048,0.9896122082423631,0.24452192886562624,65.88540127595891,339.03540127595886,1.3748575499393811
0.1871879645401252,0.9100395645649809,0.1344721899511821,70.65634145494667,343.8063414549466,1.4351011777233067
0.027481586007560434,0.9264539811151311,0.2461671247919582,73.73027463181306,346.88027463181305,1.2169112796519508
0.1917760491818161,0.9846478536067957,0.07222592136428084,46.060954893517746,319.21095489351774,1.4718107292080262
0.16017683521701934,0.9179492072346087,0.1082431684252546,66.01253408643186,339.16253408643183,1.5096046940188752
0.11873640089327082,0.941356793130997,0.05290667292534039,68.38392372775272,341.5339237277527,1.7084550985713494
0.15652482092590939,0.9449859299944127,0.14024536182857153,38.50757734986501,311.657577349865,1.203117485502563
0.15902296779661718,0.9245258973023209,0.11761800672463296,75.754534640369,348.904534640369,1.713112796798868
0.18920541256346607,0.9710245201335986,0.07227813492429365,25.66049015837933,298.8104901583793,1.2210335034783721
0.05067667076783744,0.9851334649402204,0.22553421276923447,79.65615074979698,352.806150749797,1.5812795531193569
0.11801517907166184,0.9874575139855571,0.09415403163349396,66.20544308953217,339.3554430895322,1.762164519889465
0.019009839512880246,0.9339322145736562,0.08184129904375072,25.596254319459636,298.74625431945964,0.9848267642587237
0.12323314000482427,0.9530850394287814,0.03926709925514852,59.37377888630004,332.5237788863,1.6961145891538951
0.03425826081855776,0.9248406403865652,0.1316465105405846,22.05076465569561,295.2007646556956,0.8663095071608143
0.11299012229448838,0.9244796501550145,0.0908893886511906,66.21121696665097,339.36121696665094,1.5782138895772142
0.11448610280676995,0.9161254062851925,0.11078185240229058,67.95337529954332,341.1033752995433,1.5502855091642627
0.09319703059624547,0.9940019010807515,0.07079917878616579,56.14461518548686,329.29461518548686,1.6424280072242305
0.10452635510262456,0.988798882860558,0.2289466469459701,71.41162351499423,344.5616235149942,1.4847862406964796
0.1527846780013176,0.9777358713327693,0.2790010042064152,25.872996812891582,299.02299681289156,0.8905659145664714
0.15984894330241334,0.9517661521287729,0.1493795558366663,36.555430522448795,309.70543052244875,1.039870510508798
0.09843064311508583,0.9490607915511872,0.19289952700224977,44.850651295560226,318.0006512955602,1.1225039658359155
0.11991868830452246,0.9529745666182499,0.2601516829820118,22.547477169685898,295.6974771696859,0.8168948497163807
0.18624724713802038,0.9536568013577089,0.2996488912000976,46.89296525426997,320.0429652542699,1.0185445521510252
0.023946717700224565,0.943456308469769,0.18405494541894962,35.91280736675396,309.06280736675393,1.0031325027805755
0.023420713180022104,0.9131754832892067,0.26693383996196063,43.56410072610518,316.71410072610513,0.879025389522706
0.017541802382153682,0.9125663852868536,0.2725824739666926,45.50615791953839,318.6561579195384,0.8571737269597453
0.13157265700810558,0.9952249715845684,0.2374354463422867,72.7647040092611,345.9147040092611,1.5272795213861732
0.0837216601580759,0.9482030759586351,0.13827941732193305,36.22045823165834,309.3704582316583,1.0997458447187458
0.15486428322836865,0.9953205524905189,0.02434620012716979,73.62458772297632,346.7745877229763,2.162462980820527
0.13424628266171854,0.916357687771011,0.004741666632040153,45.55825788877095,318.70825788877096,1.4235676877461467
0.06672755166564763,0.9554416552039934,0.14316018998487737,39.66846324163916,312.81846324163917,1.1704315243335508
0.17967330947230717,0.920771725335154,0.14829436006038532,50.150722960108766,323.3007229601087,1.194663741984526
0.15250642941413048,0.9253184606126602,0.12220871635889169,45.06459718177038,318.2145971817704,1.2207849419504901
0.054106988182035146,0.9030054578761179,0.17045020538740935,35.44233878330876,308.5923387833087,0.9709409564936924
0.0728384035544108,0.9118953310740211,0.1656488109913281,50.16075948776401,323.310759487764,1.0632241019442872
0.06288799604085259,0.9916848407629195,0.2509839123098079,29.108103984729876,302.25810398472987,0.9368877991841874
0.03152232972499993,0.9321532991482332,0.03259713097867872,41.115796581377964,314.2657965813779,1.2520330592055309
0.02955667450843833,0.9608129211914591,0.06755329983166364,53.947413162445436,327.09741316244543,1.4382499327167069
0.18722549267514882,0.9465014131989273,0.2379014936878891,44.804494663391516,317.9544946633915,1.0519694287199006
0.08758080743975066,0.9400451245245278,0.25435106016709635,69.43474166304779,342.5847416630478,1.2606342378325956
0.07666396455548197,0.9531886091346068,0.2984472640862603,35.403305692109974,308.55330569211,0.9105641101849625
0.1459371417354756,0.9187238944615341,0.2618736049161252,78.1862947298606,351.3362947298606,1.2989236875393426
0.11059861305058,0.9988603898519577,0.2669697021216993,67.08332125108109,340.23332125108107,1.3341714273320184
0.18722799736769247,0.9818307868703863,0.09430438278897145,78.05558155984833,351.2055815598483,1.9296078133212855
0.15606029878187844,0.9741614632731516,0.1204984902028129,70.28819328981825,343.43819328981823,1.8226834205798457
0.09587391282490808,0.9468759297013952,0.08042553144616531,28.52623555109856,301.67623555109856,1.0968502715820505
0.07527189469616524,0.9152877122126336,0.18188981945781468,51.58760543810082,324.7376054381008,1.116817949500406
0.19732630898486442,0.9920665858273567,0.2816416062621115,30.198711271747143,303.3487112717471,0.9514554075551664
0.1435520472007287,0.9341387067381728,0.10339226595348532,69.09364115763543,342.2436411576354,1.564503878781958
0.19023893200076825,0.9050106689696934,0.16710053456443505,55.04972895099775,328.1997289509977,1.2188804484218423
0.023695715443408275,0.9342403676810629,0.08888988913604552,35.806958861414344,308.9569588614143,1.1957943064526104
0.17010673583815653,0.9794457030495884,0.05093999213181225,75.77593832043027,348.92593832043025,2.1534178910697506
0.1274147767982415,0.9622708744988209,0.058555658945596695,26.91116319885564,300.06116319885564,1.154813831845933
0.024384335667022517,0.975083858474486,0.01738360336143898,53.83174420827884,326.9817442082788,1.6389063258832017
0.11765159999384414,0.9793635383862378,0.2847880569027772,63.26243328000353,336.4124332800035,1.2190226620742057
0.13721927302108977,0.9211954611080543,0.12086388255228887,23.530912239945906,296.6809122399459,0.9155070887438197
0.002460537177720568,0.992378331609318,0.25023626760063244,55.871361992372215,329.0213619923722,1.2213190678969843
0.09086359236834932,0.9437989602920372,0.20439884180690734,68.95407292778565,342.10407292778564,1.4201677078157824
0.16507990223926425,0.9639013649264164,0.05757634842332562,24.051638865083202,297.20163886508317,1.2163762046494124
0.05907180506881798,0.9002308772586742,0.052638673973726346,50.73457826639763,323.8845782663976,1.2767138489945973
0.09170961635971023,0.9993368498411178,0.24359646045316344,35.5134306889244,308.6634306889244,1.029697275799383
0.08846282541357864,0.9280896385964156,0.0794135131858612,59.77546709221525,332.92546709221523,1.4941209754851796
0.06038547828849832,0.9062063106540156,0.2739855551105927,27.120642024730692,300.27064202473065,0.7516972186797067
0.18368837910311087,0.9458262041536514,0.042016621406847185,76.22308584023041,349.3730858402304,1.9559840164144433
0.1562588070863032,0.9129030057182042,0.20331258433634083,73.6837149028839,346.8337149028839,1.33273274923502
0.0221176821992221,0.9152326710157576,0.24434216280928017,31.15846519254255,304.30846519254254,0.8105938487486171
0.19940693156751463,0.9632282813030211,0.0705769165246935,39.395953061906276,312.54595306190623,1.414285523800781
0.17584000486154905,0.9392927391570234,0.08286220903696981,55.258098479182586,328.40809847918257,1.4317042291421334
0.0567816875728078,0.9921852450154995,0.2893556658417605,63.083740198055025,336.233740198055,1.257000111718999
0.16737931593218766,0.9319156494608071,0.07937928160384748,46.55936090961549,319.7093609096155,1.3552580709088387
0.021283906374276573,0.9726180128383901,0.12898711497001433,29.377479317658505,302.5274793176585,1.0818543369626732
0.19982094609484774,0.9461099430154908,0.12975467797270981,26.249089628172296,299.39908962817225,1.0899681802596806
0.1331369472213074,0.9659951301129279,0.07591042497890506,79.98592021486064,353.1359202148606,1.9419999444391178
0.1300250031117594,0.959969535671599,0.23273732593112714,47.32112728660923,320.4711272866092,1.0624186719752855
0.01808814539682655,0.9472783972758998,0.23155480296874656,72.35190494890989,345.5019049489099,1.301844527996791
0.17940667977932506,0.9950061094624437,0.11349540426713568,48.942560277746864,322.0925602777468,1.5304654039187817
0.005799900640893885,0.9342713642754956,0.2505377373242201,75.3414583127602,348.4914583127602,1.2621170872136285
0.04816561160822941,0.9177235501249272,0.06392248031970071,25.265562966293036,298.415562966293,0.9954907130233266
0.028604375033327002,0.9678094060879828,0.0012917327003035938,26.84115148007306,299.99115148007303,1.175571491601929
0.15535358813844372,0.9846007561307909,0.17135020861672232,75.77793126345347,348.92793126345344,1.8225046433278698
0.03964084544257958,0.9040253739939924,0.2982233317357135,76.84958270268709,349.99958270268706,1.189821635048343
0.18212764542617707,0.9449632688422681,0.011593292948065381,38.883046847921804,312.0330468479218,1.4557595164987116
0.13125380786549803,0.9892487689687326,0.06239942211253817,41.309893219632315,314.4598932196323,1.4809088727497708
0.007232542098939244,0.9749618618922867,0.15567439274612524,47.14701409008548,320.29701409008544,1.232198284610819
0.0010859668257400922,0.9991807716497628,0.24298222093346117,44.969700804037444,318.1197008040374,1.079824294580275
0.010331583402879785,0.9531413811597244,0.026712601522515967,31.4027129575758,304.55271295757575,1.197808764743095
0.12118503552954554,0.9659995718801151,0.11857039612766829,73.90252303636248,347.05252303636246,1.7176109912614579
0.16029636217188306,0.9302480281137928,0.22412274018896589,35.19845604233862,308.3484560423386,1.0361240852640385
0.047710564125477695,0.9947535599665992,0.11146296252190847,62.3163445686591,335.46634456865905,1.6258142461484324
0.1698817685846146,0.9366335488556536,0.05665092614269169,24.029340664098374,297.17934066409833,1.1047410749390043
0.011446388030652078,0.9738510712686629,0.0586487482189762,22.32507989170577,295.4750798917057,1.1081233583360783
0.16019277072833527,0.9403140204119083,0.12301463607449827,59.223828354615236,332.3738283546152,1.40230132143872
0.1855590860344561,0.9561818930063,0.14382512244176734,40.34095145439562,313.4909514543956,1.2686462175270852
0.15442167982087612,0.9719782535021546,0.2585443253448042,59.32756356320008,332.4775635632001,1.229729739988931
0.13962415679572746,0.9508934151751355,0.19267572557039805,25.64127213012982,298.7912721301298,0.9550711913844733
0.16759604373107662,0.9907086326909509,0.20712058635465044,76.99108279495181,350.1410827949518,1.7444242605352094
0.008030259909413284,0.941930098792781,0.2948961514607721,64.91086801358573,338.0608680135857,1.1120251770578078
0.04035642214381108,0.9647071798143325,0.12355303209029211,72.57603398154795,345.7260339815479,1.636987172102796
0.024984735861128617,0.9342362433300054,0.12100632097473848,28.188233242670655,301.33823324267064,0.9818288903407385
0.10090619803859731,0.9408156668231014,0.27700409031774365,39.20965813357216,312.3596581335721,0.911176776056037
0.14903762566576892,0.9440050108233553,0.07376267610151759,42.10064985238064,315.2506498523806,1.291223688120247
0.12600236891527974,0.9125807018312285,0.21894457389086,52.230358899609115,325.38035889960906,1.070970035896771
0.17022621995238701,0.9091723679059007,0.22637194146544037,37.81210913044485,310.96210913044484,0.9865006803135983
0.03104259848821818,0.9667489923146758,0.029336399233632925,23.63784453136431,296.78784453136427,1.1481328696992028
0.14692421838703232,0.9655517738343052,0.1404694217080752,42.13270284424824,315.2827028442482,1.2112037074403847
0.03860829817378082,0.9662909714210095,0.060168741396466205,35.272958877636924,308.4229588776369,1.2200277943072773
0.054151750263560054,0.9019766445342692,0.055612581840745696,43.15527748779289,316.30527748779286,1.2363632244004297
0.14198093945626078,0.932654684267178,0.13914843313886285,31.817572557201572,304.96757255720155,1.0682492710041702
0.19604095697973636,0.9197809847259197,0.08682891225241948,35.71378247388413,308.8637824738841,1.1987589096626203
0.12230872119541392,0.9778151422544012,0.23881813428776127,57.61714042593613,330.7671404259361,1.2548338984187972
0.01090006299825912,0.986063040139613,0.2722814674171447,43.2892300746839,316.4392300746839,1.0194335047431204
0.12326179398550657,0.9246680377226147,0.2408161815865097,40.723003590169526,313.8730035901695,0.9395689264467122
0.00847011031603342,0.9667849158847986,0.07980926178649957,52.034337963342374,325.18433796334233,1.3918669186739183
0.17682914227336344,0.9129362803458274,0.08224031810658251,66.31163245063554,339.46163245063553,1.6211521721029194
0.14191565702012415,0.9275152525601713,0.07641850503524023,42.732077380877435,315.88207738087743,1.3033132555398765
0.03462556928450065,0.9138654496233419,0.040511428816870816,55.25116955335044,328.4011695533504,1.3597909039316864
0.018344201164839615,0.9283520766599229,0.28313951043111335,77.97215752209058,351.12215752209056,1.2155817513415965
0.0367066457760638,0.9674736547349279,0.1206143394471208,51.31880684708304,324.468806847083,1.3348624545471135
0.19600543591083852,0.9910326910185252,0.06740684236376211,74.58785459105266,347.7378545910526,2.174112104979483
0.09171212849169796,0.9202522407924186,0.25400131515247304,67.62035745538562,340.7703574553856,1.1321236358001454
0.1568161896682816,0.9542079034950719,0.11975859079733714,23.523120899008983,296.67312089900895,1.0520779544995635
0.1272816684215554,0.9701391101243433,0.010535043332899974,45.745932288155416,318.8959322881554,1.4982451337493103
0.11448262999172748,0.9952922468485565,0.048582471074889354,61.89910447211529,335.0491044721153,1.7769763088803137
0.02902605093300994,0.9610060482887174,0.191775102106851,79.20271474689198,352.35271474689193,1.5371910598277518
0.18920489071161903,0.925510693102738,0.23487158225151716,47.502577469690756,320.65257746969075,1.0573089805555764
0.06026852650294359,0.9625478156913936,0.06328031654661388,25.56712724760437,298.71712724760437,1.1051342425933044
0.11560344316150845,0.9320491161678016,0.27521867677984263,53.72055048277207,326.87055048277205,1.0475914324837665
0.13995518891781322,0.9976128390691708,0.2552991360156493,27.593827527437618,300.7438275274376,0.9437775156854146
0.12984663104906177,0.9399676135163637,0.25451422621832426,65.0911736167636,338.2411736167636,1.185453281940444
0.1881188819391037,0.9685427720761014,0.06829834403976423,50.46061984770667,323.61061984770663,1.5788547712718217
0.0296877979840116,0.9023227582346759,0.01516079659501731,63.40588210263719,336.55588210263716,1.5736428316411888
0.10167054768938842,0.9400061446134755,0.26022706184477506,72.16170961271142,345.3117096127114,1.3329830104043654
0.0808068781481532,0.9875107613322511,0.0917400686215702,57.73688102976663,330.8868810297666,1.5052539691290348
0.09483374589652363,0.9610227444433246,0.18567491435205777,56.746359755190895,329.8963597551909,1.3065383155788484
0.023843505239548923,0.9443942886395976,0.22799006511021902,65.27421772637788,338.42421772637783,1.2608004224313
0.02681892197455307,0.9935937499435726,0.03848797755333605,70.54730008716004,343.69730008716,1.8541046913260697
0.05561510915625148,0.9853984376147229,0.23425150635571437,72.14322717662016,345.2932271766201,1.4461930766622884
0.06094092075216626,0.9322215673822939,0.28155343768831975,22.185811740972998,295.335811740973,0.7341466730099151
0.08558064273627,0.954454840204134,0.2185124897239227,53.37141780786736,326.52141780786735,1.2372732483641482
0.12219750940732566,0.9489824256092463,0.13236682454416743,32.976158587853085,306.12615858785307,1.1595243014978496
0.1269258234836526,0.9632202500114863,0.26300344162551087,71.620753446907,344.77075344690695,1.2991043844389105
0.08236217931711405,0.9334111266958756,0.15823728902176767,58.90386111220167,332.0538611122016,1.3972469423227045
0.08175662188573943,0.9244205000765888,0.22343127834502624,45.21334874194629,318.36334874194625,0.9794629275677964
0.0435257053393924,0.9912671835255537,0.2461517831575812,31.28625368728108,304.43625368728107,0.9776068151195844
0.11766124968180165,0.9923874499498506,0.22480585850970178,40.341417555189594,313.49141755518957,1.1490388978556396
0.06340818226344758,0.9843322885761979,0.08635646281444619,62.22666167241347,335.37666167241343,1.5891986317359788
0.007211966855472741,0.9978204430764561,0.03535317027174932,32.261572712698324,305.41157271269833,1.3279426635907121
0.08368000883137208,0.9744991525779688,0.07150155880861804,25.614976720302366,298.76497672030234,1.14626602657285
0.09482653501803406,0.9764667228562,0.15086248109410597,73.28172549365306,346.43172549365306,1.6879253084661516
0.0451185736408422,0.9762590091962641,0.15158307668792875,65.85262097480701,339.002620974807,1.5115703374195502
0.11449158662442314,0.9480607630942307,0.17479330479436125,31.987695839487955,305.13769583948795,1.0480638454405407
0.11315438008638419,0.9456452194514272,0.11853055126436725,37.5386926057995,310.6886926057995,1.1591891063272282
0.1404004362220743,0.9240226276149003,0.23606741443500828,78.32421062785315,351.47421062785315,1.4082534320381195
0.129589696440242,0.9644819194359291,0.27394612510416233,62.49106920554704,335.641069205547,1.2720529844381565
0.13048661130420633,0.9289320136102335,0.07401751604384138,56.63132025282948,329.78132025282946,1.4855812952616738
0.06324283036480863,0.9257808409702355,0.22095696531056638,38.45770912544782,311.6077091254478,0.9591374789932162
0.15748644439719078,0.9585961374096055,0.2033915557635134,37.947508649991335,311.0975086499913,1.0516765969494548
0.1098288767199359,0.9409982388225043,0.1569271497837945,22.371417121413828,295.52141712141383,0.8993135571963966
0.08628363903597802,0.9218856608794632,0.056559070162248065,63.70891201411588,336.85891201411584,1.5252098267059016
0.12520249618821142,0.9816056016752831,0.23856967757481284,22.59051350341307,295.74051350341307,0.8827073401242358
0.07213146689005086,0.9860569919294376,0.2881878856886498,20.29144026663674,293.44144026663673,0.8206966464980904
0.10254784892135166,0.9167699519677781,0.21655089967008403,63.76970527165875,336.9197052716587,1.2547847615279453
0.14734113769644405,0.90075070328,0.2753579989877202,76.93242542894752,350.0824254289475,1.2545856046135448
0.17728057734474156,0.9336129968529374,0.2952555794843999,65.39018286363863,338.5401828636386,1.2334465355520365
0.18421143945903834,0.9797510835680753,0.10561520227177146,48.29841143746272,321.4484114374627,1.5177413558573518
0.10072658503661985,0.9839173866234324,0.19146706587790108,49.162714973652385,322.31271497365236,1.2585076121655192
0.10405502294811382,0.9138329070116049,0.1421798212914234,46.16818535894632,319.31818535894627,1.1089888941249058
0.15997408215276732,0.9774335901183051,0.29598862405896903,39.47862002662002,312.62862002662,1.0334666028156845
0.06289013834884026,0.911570416730943,0.028142347202317473,51.30285285115041,324.4528528511504,1.3820534353277985
0.16747647246901373,0.9390062590156529,0.12371247428916737,45.8690574284669,319.0190574284669,1.269543736103716
0.09882832930348469,0.9998609515011916,0.26266171335817085,55.89007280244648,329.04007280244645,1.2261216710393343
0.02317134486705368,0.919259082323091,0.08521539315795464,73.88720483006567,347.03720483006566,1.5441275925566698
0.01441182941458874,0.9153963582577627,0.2363378551916618,79.70056503942862,352.8505650394286,1.2667294161717289
0.16839864220789263,0.9422800332546794,0.1148349488340767,24.724597392975028,297.87459739297503,1.0647488907200422
0.01111358338137558,0.9619668525969861,0.29399356196704746,43.08100835968048,316.23100835968046,0.9010524643137151
0.05612228722673118,0.9932900782413253,0.26505895092711224,30.842371746008567,303.99237174600853,1.0174123865427525
0.06682600810030917,0.9980821145533034,0.0903961072987846,41.12722843553202,314.277228435532,1.3134708655035308
0.03459888903831876,0.9069640636591395,0.23105793406135652,37.24838111290538,310.3983811129053,0.8347717102795013
0.06277867396039785,0.9137997517347906,0.1010569631499806,30.472227897607297,303.6222278976073,1.027809497525668
0.14853851334501714,0.9790737973895994,0.18190885206466054,65.84456320527744,338.9945632052774,1.5902299203576469
0.002936568712014154,0.927063215227086,0.19754423051798758,49.77732456975415,322.92732456975415,1.060763895214576
0.1654346849041373,0.9884849059506361,0.24887862272571148,75.15473493303355,348.3047349330335,1.5763055384191744
0.17130960471491163,0.9663453257229087,0.007335252264604464,21.95554659482087,295.10554659482085,1.1871929069758729
0.07445231463830963,0.9111844802380678,0.0660473673456899,24.018680787919394,297.16868078791936,0.9805766404742625
0.030722579812126963,0.9832529284924008,0.21357534317657362,44.196414975820645,317.3464149758206,1.073860189254647
0.12016808158901618,0.9176356380008076,0.16905697109086118,24.816639224242227,297.9666392242422,0.8462714371883449
0.02393451117297887,0.9423495394679654,0.1486815234603429,35.763775784890015,308.91377578489,1.035403508682345
0.0729838722156505,0.955218492855933,0.016562987012394136,79.16178458459741,352.3117845845974,1.9086906024338046
0.1916858361801945,0.9500766149080279,0.10448276503843686,32.537576449076845,305.6875764490768,1.1331279272392067
0.19909289451672743,0.9686162915615151,0.25953006957319447,31.887064484725443,305.0370644847254,0.9514565643450508
0.15442097827091714,0.9652686734869256,0.009267851110809655,54.41844012774254,327.5684401277425,1.6704480529807353
0.06219230198415324,0.9992042005528055,0.11893087060944363,49.8798974475894,323.0298974475894,1.4359109780825003
0.1375330098332185,0.9999421909224188,0.2835444863012318,54.82629783217069,327.97629783217064,1.2223369281809837
0.14108127309680255,0.9516459402635641,0.015264220363504388,42.604116692512804,315.75411669251275,1.4974914116015587
0.07756833903272996,0.9095199086960865,0.22491172531339101,69.60574159369682,342.7557415936968,1.270086904483847
0.1281777269172319,0.9727843298968718,0.07728378485461093,28.31483308654777,301.46483308654774,1.2350414848862186
0.002145528995135249,0.9976664078216589,0.25998264964610174,45.70355875048794,318.85355875048793,1.0654632074496555
0.0418115317204483,0.931832638762902,0.2238203936878095,61.38571090664522,334.5357109066452,1.1874421844295688
0.10501766059345224,0.9461208885837574,0.26571155125750884,72.09418641697398,345.24418641697395,1.3264027196618369
0.03275026085165918,0.9424776924815456,0.06477743712937979,42.17429638140546,315.3242963814054,1.2587976563966918
0.033181373575306726,0.905141915455693,0.15938782644558147,54.064735945625166,327.21473594562514,1.1235848224479288
0.1672608581100476,0.9672264431223445,0.23378098307244022,24.14839670043569,297.29839670043566,0.9038630094113864
0.1978266005367211,0.9353337695068468,0.07370992289849429,30.219145286709736,303.36914528670974,1.1464619741327817
0.11119388560568969,0.9787463874631502,0.06922389158016508,24.14828974796687,297.29828974796686,1.177490268977003
0.1678139461763427,0.9832120075281986,0.008154640049275507,63.672853519911314,336.8228535199113,1.9581636250288375
0.19806433286525452,0.9821230786597845,0.2875545881926357,37.283598123328446,310.4335981233284,0.9850008352680145
0.02831917771375494,0.941666599803988,0.213005064016387,63.424717411510265,336.5747174115102,1.2121128840627695
0.08964912265087022,0.9321545682240899,0.19066810620305544,23.983896742596475,297.13389674259645,0.8408504524403938
0.07851454316838398,0.9748820779667055,0.22319841680849725,71.75286802449952,344.9028680244995,1.4934930763187257
0.016009856729237004,0.9801389433842723,0.1594838756086318,70.1318118866655,343.2818118866655,1.5414655976936684
0.1510660345589489,0.9491257446391366,0.1428401463271231,25.335724583016958,298.4857245830169,0.9870816992056778
0.08675580546451861,0.9893031019536302,0.13485967233705626,21.425390387431193,294.5753903874312,1.059932190123717
0.09386538683808027,0.9143908696078559,0.19213176363109238,23.37732877891947,296.52732877891947,0.8224041078692395
0.03013459476264804,0.987906877965896,0.06046049261771495,71.21781038880404,344.367810388804,1.7685736945781567
0.03618533044617363,0.9096095232971881,0.2664176085044609,34.082209343113746,307.2322093431137,0.8262516103501977
0.18142072443124302,0.9153525522054614,0.24352571136577952,52.89639907149132,326.0463990714913,1.071412617031845
0.008929817794855776,0.9533840013273961,0.10486908343561015,45.574652190803405,318.7246521908034,1.2182419996068643
0.04657045698874125,0.9067518480187415,0.17358278904375732,67.73153157371613,340.8815315737161,1.2904170456320156
0.058411866062905674,0.9052807101400111,0.04230818998500439,49.33389808824023,322.4838980882402,1.3551629777757954
0.09803950848031728,0.9000518744165705,0.2917038743800794,50.03965043967618,323.18965043967614,0.9162787160980886
0.1172890346029592,0.9436316659694264,0.270867806289085,79.34551636999414,352.4955163699941,1.3459334533857636
0.09865799517013332,0.977462388129223,0.2765692519497601,29.007773404955426,302.1577734049554,0.9010396101511515
0.016823066911376406,0.9034838350279916,0.09964891431103548,69.84223632475589,342.9922363247559,1.4187532649976047
0.04873349081114271,0.9652257606465855,0.05074041221485672,23.10498473623309,296.25498473623304,1.1810397739973606
0.16871767695250825,0.9823127317416187,0.0635316490398931,48.658926174378244,321.8089261743782,1.5530837933147048
0.1275177400956918,0.9168000848577871,0.027000417313526957,73.18008943598142,346.3300894359814,1.6847349356592307
0.12982981002685487,0.9146863734821404,0.0360331890304153,59.91283793624728,333.06283793624726,1.5684489435062192
0.134040651070271,0.9860800973620536,0.021391360255453618,61.11287716196797,334.26287716196794,1.9670996229227076
0.15258060380790583,0.9823124609950095,0.29694692076146206,35.79903693538913,308.94903693538913,1.0007631117837836
0.011621696344289468,0.9538941766264187,0.022217305010722076,45.114487481687256,318.26448748168724,1.4715948540298014
0.07332167698652248,0.981919987929398,0.039762624285424084,41.99486380994303,315.144863809943,1.3912640334068074
0.10790548705233574,0.9092756077424495,0.24817637867722092,51.286592609479655,324.43659260947965,1.0412999546155883
0.0676912966594652,0.9394481517938754,0.17407206502288294,47.73367580862009,320.88367580862007,1.1132801817939835
0.16889577465743733,0.9737797556106373,0.2323251613707997,39.61390111261936,312.76390111261935,1.0902285461208667
0.09651450171745879,0.9257451959323963,0.1892736023317965,38.328836742270205,311.4788367422702,0.9616901532522321
0.15372551789187583,0.9752328914433552,0.2646525210986844,35.051173499307325,308.2011734993073,0.9622584765452117
0.17040310337623382,0.9504178604390814,0.19154025832942217,41.902834813085505,315.0528348130855,1.102375980073417
0.10095829658069962,0.9750265987948233,0.15663752787094526,28.99648867604364,302.14648867604365,1.0859960662181576
0.18191044877426998,0.946467963785733,0.21382490812838992,72.32625812021442,345.4762581202144,1.5074778323740503
0.11742478810739612,0.9367904340221818,0.13421782553763284,56.12716351000564,329.2771635100056,1.3505916433409555
0.17005485976674437,0.9219189216478633,0.10381914687142041,28.027185535631325,301.1771855356313,1.012979274657551
0.06811815911830486,0.9208379341435016,0.14029573573506374,61.63156005254008,334.78156005254004,1.3129253796428313
0.09976339170629706,0.9751490810571396,0.0509142315295682,70.85998807987839,344.0099880798784,1.8404772205423579
0.10628220820091555,0.9118910348033961,0.23897151894080743,34.252140323135535,307.40214032313554,0.8932199455969593
0.02099594317921412,0.9085982350110945,0.07821113440078338,29.036035660235836,302.1860356602358,1.0367425582903023
0.07971050134030813,0.917629136502213,0.04605946390111424,20.517035428025125,293.6670354280251,1.0438191533388494
0.18346753451033523,0.9175346511453922,0.07390567253496803,22.835020331389106,295.9850203313891,1.021873984636278
0.1261664480729485,0.9823107622806899,0.2526210455316719,65.7350808982107,338.8850808982107,1.2509934499425202
0.0355013164873935,0.9398506623474212,0.0990603886793194,79.23117992250164,352.3811799225016,1.629322594431893
0.067771127121921,0.9990388457360483,0.20581496085177006,22.692819348576595,295.8428193485766,0.9928435468263225
0.03832060193253997,0.9137211257790613,0.2569228891967218,64.88425754479356,338.03425754479355,1.102988314577992
0.004964626359714508,0.9653539825693643,0.023323400077512633,24.311729950457604,297.4617299504576,1.1261454992307973
0.18549209170080536,0.9448729507201251,0.22950732155341286,55.52796949422001,328.67796949422,1.2748014853274263
0.0896414656513743,0.9392918176697074,0.092299639913709,65.36451694569428,338.51451694569425,1.6105164051632108
0.061507014484157234,0.9875084199054083,0.0649867092552128,41.552263836064256,314.7022638360642,1.3834029687850704
0.11969543831154733,0.99755956458284,0.20667043573589164,20.656083266639826,293.8060832666398,0.9443295583417725
0.0014628912586031274,0.9872858958774179,0.27293898681997014,55.71136112752556,328.8613611275255,1.1264209800975842
0.05560442132016277,0.9192300679035134,0.08850576261371862,79.47467768840167,352.6246776884017,1.707559850493713
0.14060669313977853,0.9220797921208934,0.1706501416152957,35.45704537030974,308.6070453703097,1.0629622547855666
0.1267539546138526,0.9656073879095064,0.08695023415484746,31.36947663123295,304.5194766312329,1.209896950290968
0.19636118950850712,0.9289083581638192,0.16628567571792838,27.435553565210895,300.5855535652109,1.002708866514763
0.12407154193160881,0.9734725130780579,0.18655860919630216,53.31533719400337,326.4653371940033,1.3463192112141296
